www.crf-al.org.br/,https://institucional.crf-al.org.br/,301,,,FALSE,FALSE
www.crf-al.org.br/institucional/,https://institucional.crf-al.org.br/instituicao,301,,,FALSE,FALSE
www.crf-al.org.br/como-funciona/,https://institucional.crf-al.org.br/servicos/requerimentos,301,,,FALSE,FALSE
www.crf-al.org.br/trabalhe-conosco/,https://institucional.crf-al.org.br/contato,301,,,FALSE,FALSE
www.crf-al.org.br/fale-conosco/,https://institucional.crf-al.org.br/contato,301,,,FALSE,FALSE
www.crf-al.org.br/depoimentos/,https://institucional.crf-al.org.br/instituicao,301,,,FALSE,FALSE
www.crf-al.org.br/parceiros/,https://institucional.crf-al.org.br/instituicao,301,,,FALSE,FALSE
www.crf-al.org.br/termos-de-uso-legba-4/,https://institucional.crf-al.org.br/termos-de-uso,301,,,FALSE,FALSE
www.crf-al.org.br/square/,https://institucional.crf-al.org.br/,301,,,FALSE,FALSE
www.crf-al.org.br/landscape/,https://institucional.crf-al.org.br/,301,,,FALSE,FALSE
www.crf-al.org.br/portrait/,https://institucional.crf-al.org.br/,301,,,FALSE,FALSE
www.crf-al.org.br/newsletters/,https://institucional.crf-al.org.br/,301,,,FALSE,FALSE
www.crf-al.org.br/footers/,https://institucional.crf-al.org.br/,301,,,FALSE,FALSE
www.crf-al.org.br/envie-seu-curriculo/,https://institucional.crf-al.org.br/contato,301,,,FALSE,FALSE
www.crf-al.org.br/curriculo/,https://institucional.crf-al.org.br/contato,301,,,FALSE,FALSE
www.crf-al.org.br/estrutura/,https://institucional.crf-al.org.br/instituicao/diretoria,301,,,FALSE,FALSE
www.crf-al.org.br/comissoes/,https://institucional.crf-al.org.br/instituicao/sobre-conselho,301,,,FALSE,FALSE
www.crf-al.org.br/requerimentos/,https://institucional.crf-al.org.br/servicos/requerimentos,301,,,FALSE,FALSE
www.crf-al.org.br/fiscalizacao/,https://institucional.crf-al.org.br/fiscalizacao,301,,,FALSE,FALSE
www.crf-al.org.br/links-uteis/,https://institucional.crf-al.org.br/legislacao,301,,,FALSE,FALSE
www.crf-al.org.br/inscricao-farmaceutica/,https://institucional.crf-al.org.br/servicos/requerimentos,301,,,FALSE,FALSE
www.crf-al.org.br/politica-de-privacidade/,https://institucional.crf-al.org.br/politica-de-privacidade,301,,,FALSE,FALSE
www.crf-al.org.br/termos-de-uso/,https://institucional.crf-al.org.br/termos-de-uso,301,,,FALSE,FALSE
www.crf-al.org.br/denuncia/,https://institucional.crf-al.org.br/servicos/ouvidoria,301,,,FALSE,FALSE
www.crf-al.org.br/fiscalizacao/instrumentos-da-fiscalizacao/,https://institucional.crf-al.org.br/fiscalizacao/instrumentos-da-fiscalizacao,301,,,FALSE,FALSE
www.crf-al.org.br/fiscalizacao/plano-de-fiscalizacao-anual/,https://institucional.crf-al.org.br/fiscalizacao/plano-de-fiscalizacao-anual,301,,,FALSE,FALSE
www.crf-al.org.br/fiscalizacao/relatorios/,https://institucional.crf-al.org.br/fiscalizacao/relatorios,301,,,FALSE,FALSE
www.crf-al.org.br/fiscalizacao/processo-administrativo-fiscal/,https://institucional.crf-al.org.br/fiscalizacao/processo-administrativo-fiscal,301,,,FALSE,FALSE
www.crf-al.org.br/fiscalizacao/afastamento-provisorio/,https://institucional.crf-al.org.br/servicos/tutoriais,301,,,FALSE,FALSE
www.crf-al.org.br/fiscalizacao/papel-da-fiscalizacao/,https://institucional.crf-al.org.br/fiscalizacao/papel-da-fiscalizacao,301,,,FALSE,FALSE
www.crf-al.org.br/pagina-teste/,https://institucional.crf-al.org.br/,301,,,FALSE,FALSE
www.crf-al.org.br/ache-um-farmaceutico/,https://institucional.crf-al.org.br/contato,301,,,FALSE,FALSE
www.crf-al.org.br/cadastre-seu-curriculo/,https://institucional.crf-al.org.br/contato,301,,,FALSE,FALSE
www.crf-al.org.br/login/,https://crfal-emcasa.cisantec.com.br/crf-em-casa/login.jsf,301,,,FALSE,FALSE
www.crf-al.org.br/registro/,https://institucional.crf-al.org.br/servicos/requerimentos,301,,,FALSE,FALSE
www.crf-al.org.br/seus-curriculos/,https://institucional.crf-al.org.br/contato,301,,,FALSE,FALSE
www.crf-al.org.br/negociacao/,https://institucional.crf-al.org.br/,301,,,FALSE,FALSE
www.crf-al.org.br/perguntas-frequentes/,https://institucional.crf-al.org.br/servicos/tutoriais,301,,,FALSE,FALSE
www.crf-al.org.br/materiais-de-cursos/,https://institucional.crf-al.org.br/,301,,,FALSE,FALSE
www.crf-al.org.br/legislacao/,https://institucional.crf-al.org.br/legislacao,301,,,FALSE,FALSE
www.crf-al.org.br/test/,https://institucional.crf-al.org.br/,301,,,FALSE,FALSE
www.crf-al.org.br/ouvidoria-crf-al-disponibiliza-canal-oficial-para-sugestoes-elogios-reclamacoes/,https://institucional.crf-al.org.br/servicos/ouvidoria,301,,,FALSE,FALSE
www.crf-al.org.br/crfal-tv/plenarias/,https://institucional.crf-al.org.br/eventos,301,,,FALSE,FALSE
www.crf-al.org.br/presidente/,https://institucional.crf-al.org.br/instituicao/diretoria,301,,,FALSE,FALSE
www.crf-al.org.br/vice-presidente/,https://institucional.crf-al.org.br/instituicao/diretoria,301,,,FALSE,FALSE
www.crf-al.org.br/secretaria-geral/,https://institucional.crf-al.org.br/instituicao/diretoria,301,,,FALSE,FALSE
www.crf-al.org.br/diretor-tesoureiro/,https://institucional.crf-al.org.br/instituicao/diretoria,301,,,FALSE,FALSE
www.crf-al.org.br/agenda-de-eventos/,https://institucional.crf-al.org.br/eventos,301,,,FALSE,FALSE
www.crf-al.org.br/crfal-tv/namidia/,https://institucional.crf-al.org.br/imprensa/noticias,301,,,FALSE,FALSE
www.crf-al.org.br/crfal-tv/entrevistas/,https://institucional.crf-al.org.br/imprensa/noticias,301,,,FALSE,FALSE
www.crf-al.org.br/premiacao-farmaceutico-destaque/,https://institucional.crf-al.org.br/instituicao/sobre-conselho,301,,,FALSE,FALSE
www.crf-al.org.br/crfal-tv/,https://institucional.crf-al.org.br/,301,,,FALSE,FALSE
www.crf-al.org.br/requerimento-de-inscricao-profissional-de-farmaceutico-a/,https://institucional.crf-al.org.br/servicos/requerimentos,301,,,FALSE,FALSE
www.crf-al.org.br/eleicoes/,https://institucional.crf-al.org.br/instituicao,301,,,FALSE,FALSE
www.crf-al.org.br/crfal-tv/cursos/,https://institucional.crf-al.org.br/,301,,,FALSE,FALSE
www.crf-al.org.br/material-de-cursos/,https://institucional.crf-al.org.br/,301,,,FALSE,FALSE
www.crf-al.org.br/publicacoes/,https://institucional.crf-al.org.br/,301,,,FALSE,FALSE
www.crf-al.org.br/anais/,https://institucional.crf-al.org.br/,301,,,FALSE,FALSE
www.crf-al.org.br/artigos/,https://institucional.crf-al.org.br/,301,,,FALSE,FALSE
www.crf-al.org.br/e-books/,https://institucional.crf-al.org.br/,301,,,FALSE,FALSE
www.crf-al.org.br/teste/,https://institucional.crf-al.org.br/,301,,,FALSE,FALSE
www.crf-al.org.br/agenda-do-presidente/,https://institucional.crf-al.org.br/eventos,301,,,FALSE,FALSE
www.crf-al.org.br/nossos-servicos/,https://institucional.crf-al.org.br/servicos/requerimentos,301,,,FALSE,FALSE
www.crf-al.org.br/documentos/,https://institucional.crf-al.org.br/servicos/requerimentos,301,,,TRUE,FALSE
www.crf-al.org.br/agenda_de_eventos_/,https://institucional.crf-al.org.br/eventos,301,,,TRUE,FALSE
www.crf-al.org.br/parceiro/,https://institucional.crf-al.org.br/instituicao/sobre-conselho,301,,,TRUE,FALSE
www.crf-al.org.br/nossos-parceiros/,https://institucional.crf-al.org.br/instituicao/sobre-conselho,301,,,TRUE,FALSE
www.crf-al.org.br/eventos_home/,https://institucional.crf-al.org.br/eventos,301,,,TRUE,FALSE
www.crf-al.org.br/tipos_de_documentos/,https://institucional.crf-al.org.br/,301,,,TRUE,FALSE
www.crf-al.org.br/author/,https://institucional.crf-al.org.br/imprensa/noticias,301,,,TRUE,FALSE
www.crf-al.org.br/categoria/,https://institucional.crf-al.org.br/imprensa/noticias,301,,,TRUE,FALSE
www.crf-al.org.br/tag/,https://institucional.crf-al.org.br/imprensa/noticias,301,,,TRUE,FALSE
