www.crf-al.org.br/documentos/,https://institucional.crf-al.org.br/servicos/requerimentos,301,,,TRUE,FALSE
www.crf-al.org.br/agenda_de_eventos_/,https://institucional.crf-al.org.br/eventos,301,,,TRUE,FALSE
www.crf-al.org.br/crfal-tv/,https://institucional.crf-al.org.br/,301,,,TRUE,FALSE
www.crf-al.org.br/parceiro/,https://institucional.crf-al.org.br/instituicao/sobre-conselho,301,,,TRUE,FALSE
www.crf-al.org.br/nossos-parceiros/,https://institucional.crf-al.org.br/instituicao/sobre-conselho,301,,,TRUE,FALSE
www.crf-al.org.br/eventos_home/,https://institucional.crf-al.org.br/eventos,301,,,TRUE,FALSE
www.crf-al.org.br/tipos_de_documentos/,https://institucional.crf-al.org.br/,301,,,TRUE,FALSE
www.crf-al.org.br/author/,https://institucional.crf-al.org.br/imprensa/noticias,301,,,TRUE,FALSE
www.crf-al.org.br/categoria/,https://institucional.crf-al.org.br/imprensa/noticias,301,,,TRUE,FALSE
www.crf-al.org.br/tag/,https://institucional.crf-al.org.br/imprensa/noticias,301,,,TRUE,FALSE
